{
  "project_info": {
    "project_number": "1019074290521",
    "firebase_url": "https://bachavo-c88b2.firebaseio.com",
    "project_id": "bachavo-c88b2",
    "storage_bucket": "bachavo-c88b2.appspot.com"
  },
  "client": [
    {
      "client_info": {
        "mobilesdk_app_id": "1:1019074290521:android:98b39fd6af789809d4a248",
        "android_client_info": {
          "package_name": "com.avengers.bachavo"
        }
      },
      "oauth_client": [
        {
          "client_id": "1019074290521-sovvej12ksvotd184e1of0ta7g1f8972.apps.googleusercontent.com",
          "client_type": 3
        }
      ],
      "api_key": [
        {
          "current_key": "AIzaSyAwO3BfbcDTSRQfFG2VuMh7l8gaa5WLjOo"
        }
      ],
      "services": {
        "appinvite_service": {
          "other_platform_oauth_client": [
            {
              "client_id": "1019074290521-sovvej12ksvotd184e1of0ta7g1f8972.apps.googleusercontent.com",
              "client_type": 3
            }
          ]
        }
      }
    },
    {
      "client_info": {
        "mobilesdk_app_id": "1:1019074290521:android:82d70d5ed1c93077d4a248",
        "android_client_info": {
          "package_name": "com.avengers.mechanicwala"
        }
      },
      "oauth_client": [
        {
          "client_id": "1019074290521-c49cvo3q2me6av7902anucq1cercesul.apps.googleusercontent.com",
          "client_type": 1,
          "android_info": {
            "package_name": "com.avengers.mechanicwala",
            "certificate_hash": "7dd688fc4d662686aec97c4abab08e5ffbd6c8c1"
          }
        },
        {
          "client_id": "1019074290521-sovvej12ksvotd184e1of0ta7g1f8972.apps.googleusercontent.com",
          "client_type": 3
        }
      ],
      "api_key": [
        {
          "current_key": "AIzaSyAwO3BfbcDTSRQfFG2VuMh7l8gaa5WLjOo"
        }
      ],
      "services": {
        "appinvite_service": {
          "other_platform_oauth_client": [
            {
              "client_id": "1019074290521-sovvej12ksvotd184e1of0ta7g1f8972.apps.googleusercontent.com",
              "client_type": 3
            }
          ]
        }
      }
    }
  ],
  "configuration_version": "1"
}